{
  "project_info": {
    "project_number": "253091165262",
    "firebase_url": "https://lender-82f30.firebaseio.com",
    "project_id": "lender-82f30",
    "storage_bucket": "lender-82f30.appspot.com"
  },
  "client": [
    {
      "client_info": {
        "mobilesdk_app_id": "1:253091165262:android:27c7c32ef0a26e19553f1f",
        "android_client_info": {
          "package_name": "csocsort.hu.machiato32.csocsort_szamla"
        }
      },
      "oauth_client": [
        {
          "client_id": "253091165262-0e2sgcbbbe6m8t5c3i0m665ov9l149vl.apps.googleusercontent.com",
          "client_type": 3
        }
      ],
      "api_key": [
        {
          "current_key": "AIzaSyCpJBsConFCXH-k41qamKIAaWsMXPm8cVY"
        }
      ],
      "services": {
        "appinvite_service": {
          "other_platform_oauth_client": [
            {
              "client_id": "253091165262-0e2sgcbbbe6m8t5c3i0m665ov9l149vl.apps.googleusercontent.com",
              "client_type": 3
            }
          ]
        }
      }
    }
  ],
  "configuration_version": "1"
}